pattern,question,ground_truth,predicted_answer,answer_correctness,faithfulness,llm_judge_score,retrieval_mode
Pattern_5,"Who owns Romano's Bakery, and how is this person related to Isabella Romano?","[""Rosa Romano owns/founded Romano's Family Bakery in 1963. Isabella Romano is her granddaughter who lives with her.""]",Romano's Bakery è di proprietà di Rosa Romano. Isabella Romano è sua nipote.,0.3529,0.4615,1.0,rhoai_autorag
Pattern_5,"Dr. Okafor treated a patient in the emergency department. What was the patient's condition, and what is Dr. Okafor's relationship to the patient?","[""Dr. Kwame Okafor (pediatrician) treated Emmanuel Okafor for acute appendicitis. Emmanuel is Dr. Okafor's son.""]","Dr. Okafor a trata um paciente no departamento de emergência. A condição do paciente era de dor abdominal aguda, e Dr. Okafor é o pai do paciente, Emmanuel Okafor.",0.3333,0.2963,0.8,rhoai_autorag
Pattern_5,There are two bakeries mentioned in the documents. What are their names and who runs them ?,"[""Al-Rashid Mediterranean Bakery (run by Ahmed Al-Rashid) and Romano's Family Bakery (founded by Rosa Romano in 1963)""]","Los nombres de las panaderías mencionadas en los documentos son Al-Rashid Mediterranean Bakery y Romano's Family Bakery. La primera es propiedad de Ahmed Al-Rashid, mientras que la segunda es propiedad de la familia Romano, específicamente de Rosa Romano.",0.5882,0.2632,0.8,rhoai_autorag
Pattern_5,"What significant infrastructure event happened in Millbrook in 1963, and how does it relate to current events in 2024?","['Bridge 7 was constructed in 1963 (same year Rosa Romano founded her bakery). In 2024, this bridge requires major structural repairs due to deterioration.']","According to the provided documents, in 1963, Bridge 7 in Millbrook was constructed. This bridge is currently facing its most significant structural challenge since its construction in 1963. The bridge's critical infrastructure failure has led to a collaborative effort from community leaders, engineers, and city officials to minimize disruption and ensure the bridge's stability. The current events in 2024 are directly related to the bridge's structural issues, which were identified by Sofia Okafor's engineering firm.",0.5,0.6377,0.8,rhoai_autorag
Pattern_5,"How long has Ahmed Al-Rashid been operating his bakery, and what was his career before opening it?","['Al-Rashid has been operating his bakery for 30 years (opened 1994, document dated 2024). Before that, he worked in construction after immigrating in 1989.']","Ahmed Al-Rashid telah mengoperasikan bakery-nya selama 30 tahun. Sebelum membuka bakery, ia bekerja di konstruksi setelah imigrasi ke Millbrook pada tahun 1989.",0.1667,0.2273,0.8,rhoai_autorag
Pattern_5,"When did Dr. Elena Vasquez assume her current role as Hospital Director, and how long had she been at the hospital before that promotion?","['She became Hospital Director in January 2020. She had been at Millbrook General since 2006, so 14 years before her promotion']","Dr. Elena Vasquez assumed her current role as Hospital Director in January 2020. Before that promotion, she had been at the hospital for 14 years, starting as an attending cardiologist in 2006.",0.7143,0.5333,1.0,rhoai_autorag
Pattern_5,"What is the current load capacity of Bridge 7, and are there any restrictions in place?","['The current load rating is 25 tons (reduced from original 40 tons), but there are temporary 15-ton restrictions due to safety concerns.']","A current load capacity of Bridge 7 is 25 tons, which is reduced from the original 40 tons. There are no restrictions explicitly mentioned in the provided documents, but the bridge's structural integrity is compromised, and a catastrophic failure is projected within 8-14 months without intervention.",0.6667,0.4634,0.6,rhoai_autorag
Pattern_5,"How much time will be added to emergency response times due to the bridge construction, and how has this actually affected hospital operations ?","[""The engineering report projects +4.7 minutes average response time, but the newspaper reports actual increases have been 'minimal' due to proactive routing strategies.""]","Emergency response times will be increased by approximately 4.7 minutes due to the bridge construction. This is because alternative routes have been established to ensure emergency vehicle access to the hospital. According to Dr. Vasquez, this could be critical for patients with cardiac conditions. However, thanks to proactive routing strategies, response time increases have been minimal.",0.619,0.6111,0.8,rhoai_autorag
Pattern_5,What is the projected economic impact of the bridge construction on local businesses?,"['Two different measures are given: $47,000 per day economic loss (from detour costs), and 25-35% reduction in foot traffic for Historic Downtown businesses.']","O acordo de impacto econômico da construção da ponte sobre as empresas locais é de $47.000 por dia de fechamento, com base nos custos de desvio e no impacto nos negócios.",0.0435,0.0323,0.8,rhoai_autorag
Pattern_5,What happened to Isabella Romano's parents?,"[""The documents indicate Isabella's parents are deceased but do not provide details about what happened to them.""]","Non ho una risposta diretta al tuo quesito, ma posso dire che i documenti forniscono alcune informazioni sulla famiglia di Isabella Romano. Sembra che sua nonna, Rosa Romano, sia ancora viva e che Isabella la tenga molto cara. Tuttavia, non ci sono menzioni esplicite dei genitori di Isabella.",0.0,0.1667,0.8,rhoai_autorag
Pattern_5,Why did Sofia Okafor move from Texas to Millbrook to start her engineering firm?,"['The documents indicate Sofia has a Texas PE license and founded her firm in Millbrook in 2018, but do not explain the reason for relocating.']",I do not have an answer.,0.0909,0.4,0.2,rhoai_autorag
Pattern_5,What architectural projects has Miguel Vasquez (Elena's husband) worked on in Millbrook?,"[""Miguel Vasquez is identified as an architect and Elena's husband, but no specific projects in Millbrook are mentioned in the documents.""]",No tengo la información necesaria para responder a tu pregunta.,0.0526,0.0,1.0,rhoai_autorag
Pattern_5,What does Sofia Okafor's PE license enable her to do professionally?,"[""Sofia's PE (Professional Engineer) license #89472 enables her to practice engineering and stamp engineering documents in Texas (she also has a California PE license #67821).""]","Sofia Okafor's PE (Professional Engineer) license enables her to practice engineering in Texas and California. As a licensed Professional Engineer, she can sign and seal engineering documents, including plans and reports, and is qualified to provide expert testimony in court. Her PE license also indicates that she has met the educational, experience, and examination requirements set by the state licensing boards in Texas and California. This license is a professional credential that demonstrates her expertise and competence in the field of engineering.",0.8333,0.2597,0.8,rhoai_autorag
Pattern_5,"In the medical record, what does 'attending physician' refer to, and how does this differ from meeting attendance mentioned elsewhere?","[""Attending physician refers to Dr. Kwame Okafor's role as the supervising doctor responsible for patient care, not meeting attendance. This is standard medical terminology.""]","In the medical record, 'attending physician' refers to the doctor who is primarily responsible for the patient's care and treatment. This is the doctor who is overseeing the patient's case and making decisions about their diagnosis and treatment plan.

This differs from meeting attendance mentioned elsewhere, such as in the conversation transcript, where 'meeting attendance' refers to the act of attending a meeting or gathering, often for discussion or decision-making purposes. In this context, 'meeting attendance' is not related to a patient's medical care or treatment.",0.6522,0.2857,0.8,rhoai_autorag
Pattern_5,What type of 'code-switching' is mentioned in the documents?,"['Linguistic code-switching - the practice of alternating between languages within conversations, as shown in the bakery conversation transcript.']","O tipo de 'code-switching' mencionado nos documentos é a mudança entre o inglês e o mandarim, bem como entre o inglês e o italiano.",0.0667,0.0435,0.4,rhoai_autorag
Pattern_5,"How are Carmen Vasquez and Emmanuel Okafor connected, and trace the path of their relationship through their families' professional connections?",['Carmen Vasquez (daughter of Dr. Elena Vasquez) is friends with Emmanuel Okafor (son of Dr. Kwame Okafor). Their mothers work together at Millbrook General Hospital - Elena as Hospital Director and Kwame as a pediatrician.'],"Carmen Vasquez e Emmanuel Okafor estão conectados através de suas famílias. A mãe de Carmen, Dr. Elena Vasquez, é uma cardiologista e diretora do Hospital Geral de Millbrook. O pai de Emmanuel, Dr. Kwame Okafor, é um pediatra e trabalha no mesmo hospital. Isso significa que Carmen e Emmanuel são primos. Além disso, a irmã de Carmen, Diego Vasquez, é amiga de Emmanuel, e eles frequentemente se encontram após a escola. A família de Carmen e a família de Emmanuel têm uma forte conexão profissional e pessoal, o que contribuiu para o desenvolvimento de uma amizade entre os dois.",0.3939,0.1383,0.6,rhoai_autorag
Pattern_5,"What connections exist between the Chen family and the bridge project, considering both professional and personal relationships?","['Marcus Chen (city councilman) works professionally with Sofia Okafor on the bridge project. His daughter Lily Chen is friends with Carmen Vasquez, whose mother (Dr. Elena Vasquez) has concerns about bridge impact on hospital access. Lily also helps Isabella Romano with studies, connecting to another affected family.']","Marcus Chen, the City Councilman, is Lily Chen's father. He represents the University Heights district, which is affected by the bridge project. Sofia Okafor, the Principal Engineer, has been working with him on the bridge crisis. Additionally, Carmen Vasquez, Lily's friend, is the daughter of Dr. Elena Vasquez, who is concerned about ambulance routes to the hospital during the construction. This creates a connection between the Chen family and the bridge project through their professional relationships with Sofia Okafor and Dr. Elena Vasquez.",0.587,0.5972,0.8,rhoai_autorag
Pattern_5,"How many degrees of separation exist between Ahmed Al-Rashid and Dr. Kwame Okafor, and what is the path?","[""Multiple paths exist: Direct: Al-Rashid → community meetings → hospital discussions → Dr. Okafor Through children: Al-Rashid → community connections → Emmanuel Okafor → Dr. Okafor (father) Through Isabella: Al-Rashid → Isabella Romano (who knows about Emmanuel's hospital visit) → Dr. Okafor""]","Ahmed Al-Rashid e Dr. Kwame Okafor têm 3 graus de separação. O caminho é o seguinte:

Ahmed Al-Rashid → Isabella Romano (neta de Rosa Romano) → Dr. Kwame Okafor (marido de Sofia Okafor, que é a mãe de Isabella)",0.2857,0.3158,0.6,rhoai_autorag
Pattern_5,"What languages does Dr. Elena Vasquez speak, and how do her language skills impact her role in the community?","[""Dr. Vasquez speaks Spanish (native), English (fluent), and Portuguese (conversational). Her bilingual abilities help in medical care and community meetings, as noted in Carmen's academic comments about tutoring Spanish-speaking students.""]","Dr. Elena Vasquez habla español (nativo), inglés (fluent), y portugués (conversacional). Sus habilidades lingüísticas le permiten comunicarse con la comunidad diversa de Millbrook. Como directora del hospital, puede interactuar con pacientes y familias de diferentes orígenes, lo que facilita la atención médica y el apoyo a la comunidad. Su dominio del español, en particular, le permite conectar con la comunidad hispanohablante de Millbrook, lo que refleja su compromiso con la inclusión y la equidad en la atención médica.",0.1,0.1039,0.8,rhoai_autorag
Pattern_5,"In the bakery conversation transcript, identify all instances of code-switching and explain what languages are being mixed.","[""Multiple instances: Ahmed: Arabic ('أهلاً وسهلاً' - welcome) to English Dr. Vasquez: Spanish ('Gracias,' 'Para los pacientes cardíacos') mixed with English Marcus: English to Mandarin ('你明白吗？') Isabella: Italian ('Scusi,' 'questi ponti vengono e vanno') to Spanish/English Ahmed: Arabic ('المجتمع يجب أن يعرف') translated to English""]","Na konversacji w pączkarni, identyfikuj wszystkie przypadki kod-switchingu i wyjaśnij, jakie języki są mieszane.

W konwersacji w pączkarni Ahmed Al-Rashid mówi po arabsku, a następnie w języku angielskim. Dr. Elena Vasquez mówi po hiszpańsku, a następnie w języku angielskim. Marcus Chen mówi po angielsku, a następnie w języku mandaryńskim z Isabellą Romano. Isabella Romano mówi po angielsku, a następnie w języku włoskim. 

Wszyscy uczestnicy konwersacji są w stanie mówić w kilku językach, co pozwala im na kod-switching.",0.1136,0.1507,0.8,rhoai_autorag
Pattern_5,"According to the engineering report, what are the specific technical reasons Bridge 7 needs immediate attention, and how do these relate to the timeline concerns expressed in the city council meeting?","[""Technical reasons include 15.3cm pylon displacement, 65% load capacity, micro-cracking, and 18% natural frequency reduction. These support the council's concern about the 8-14 month failure timeline and need for immediate $2.3M intervention.""]","According to the engineering report, the specific technical reasons Bridge 7 needs immediate attention are foundation settlement and material fatigue. The report states that the load-bearing capacity has degraded to 65% of original design specifications due to these issues. This is related to the timeline concerns expressed in the city council meeting because the report projects that the bridge could fail catastrophically within 8-14 months without intervention. The report also recommends a phased approach to maintain partial traffic flow, which would help minimize the impact on the community.",0.3333,0.4737,0.8,rhoai_autorag
Pattern_5,"What medical considerations are mentioned regarding the bridge construction, and which healthcare professionals are involved in planning?",['Main concerns are increased emergency response times (+4.7 minutes) affecting cardiac patients. Dr. Elena Vasquez (Hospital Director) and Rebecca Martinez (Emergency Nurse Manager) are involved in planning alternative routes and weekly progress reviews.'],"Os médicos consideram que a construção da ponte pode afetar negativamente a resposta de emergência do hospital. Dr. Elena Vasquez, diretora do Hospital Geral de Millbrook, expressou preocupações sobre a acessibilidade de ambulâncias ao hospital durante a construção. Ela mencionou que quatro minutos adicionais de tempo de resposta podem ser críticos para pacientes cardíacos. Além disso, Dr. Kwame Okafor, pediatra e marido de Sofia Okafor, tem preocupações sobre a rota de ambulância para a ala de pediatria do hospital.",0.1212,0.1507,0.8,rhoai_autorag
